	path.distance	parsimony.score	p.value	tree	type
1	3.87298334620742	108	0.000962000962000962	(((((M8,M5),(M6,M7)),M4),M3),M2,M1);	maximum parsimony
2	3.46410161513775	108	0.00076960076960077	((((((M7,M6),M5),M8),M4),M3),M2,M1);	maximum parsimony
3	0	108	9.62000962000962e-05	(((((M8,(M7,M6)),M5),M4),M3),M2,M1);	maximum parsimony
4	3.87298334620742	NA	0.000962000962000962	(M1:0.0539287947,M2:0.1237604138,(M3:0.0530100746,(M4:0.1132886632,((M5:0.1705514734,M8:0.3208649178)44:2e-06,(M6:0.0882322787,M7:0.1010102597)66:0.031134)100:0.15468)88:0.00634)97:0.031137);	maximum likelihood
